r,g,b,name
24,24,24,T1_PODIUM
121,77,175,T1_CORE
218,130,110,T1_F1_SLAB
99,183,45,T1_F1_A
196,236,196,T1_F1_A_BAL
77,73,131,T1_F1_B
174,126,66,T1_F1_B_BAL
55,179,217,T1_F1_C
152,232,152,T1_F1_C_BAL
33,69,87,T1_F1_D
130,122,238,T1_F1_D_BAL
227,175,173,T1_F2_SLAB
108,228,108,T1_F2_A
205,65,43,T1_F2_A_BAL
86,118,194,T1_F2_B
183,171,129,T1_F2_B_BAL
64,224,64,T1_F2_C
161,61,215,T1_F2_C_BAL
42,114,150,T1_F2_D
139,167,85,T1_F2_D_BAL
236,220,236,T1_F3_SLAB
117,57,171,T1_F3_A
214,110,106,T1_F3_A_BAL
95,163,41,T1_F3_B
192,216,192,T1_F3_B_BAL
73,53,127,T1_F3_C
170,106,62,T1_F3_C_BAL
51,159,213,T1_F3_D
148,212,148,T1_F3_D_BAL
29,49,83,T1_F4_SLAB
126,102,234,T1_F4_A
223,155,169,T1_F4_A_BAL
104,208,104,T1_F4_B
201,45,39,T1_F4_B_BAL
82,98,190,T1_F4_C
179,151,125,T1_F4_C_BAL
60,204,60,T1_F4_D
157,41,211,T1_F4_D_BAL
38,94,146,T1_F5_SLAB
135,147,81,T1_F5_A
232,200,232,T1_F5_A_BAL
113,37,167,T1_F5_B
210,90,102,T1_F5_B_BAL
91,143,37,T1_F5_C
188,196,188,T1_F5_C_BAL
69,33,123,T1_F5_D
166,86,58,T1_F5_D_BAL
47,139,209,T1_F6_SLAB
144,192,144,T1_F6_A
25,29,79,T1_F6_A_BAL
122,82,230,T1_F6_B
219,135,165,T1_F6_B_BAL
100,188,100,T1_F6_C
197,25,35,T1_F6_C_BAL
78,78,186,T1_F6_D
175,131,121,T1_F6_D_BAL
56,184,56,T1_F7_SLAB
153,237,207,T1_F7_A
34,74,142,T1_F7_A_BAL
131,127,77,T1_F7_B
228,180,228,T1_F7_B_BAL
109,233,163,T1_F7_C
206,70,98,T1_F7_C_BAL
87,123,33,T1_F7_D
184,176,184,T1_F7_D_BAL
65,229,119,T1_F8_SLAB
162,66,54,T1_F8_A
43,119,205,T1_F8_A_BAL
140,172,140,T1_F8_B
237,225,75,T1_F8_B_BAL
118,62,226,T1_F8_C
215,115,161,T1_F8_C_BAL
96,168,96,T1_F8_D
193,221,31,T1_F8_D_BAL
74,58,182,T1_F9_SLAB
171,111,117,T1_F9_A
52,164,52,T1_F9_A_BAL
149,217,203,T1_F9_B
30,54,138,T1_F9_B_BAL
127,107,73,T1_F9_C
224,160,224,T1_F9_C_BAL
105,213,159,T1_F9_D
202,50,94,T1_F9_D_BAL
83,103,29,T1_F10_SLAB
180,156,180,T1_F10_A
61,209,115,T1_F10_A_BAL
158,46,50,T1_F10_B
39,99,201,T1_F10_B_BAL
136,152,136,T1_F10_C
233,205,71,T1_F10_C_BAL
114,42,222,T1_F10_D
211,95,157,T1_F10_D_BAL
92,148,92,T1_F11_SLAB
189,201,27,T1_F11_A
70,38,178,T1_F11_A_BAL
167,91,113,T1_F11_B
48,144,48,T1_F11_B_BAL
145,197,199,T1_F11_C
26,34,134,T1_F11_C_BAL
123,87,69,T1_F11_D
220,140,220,T1_F11_D_BAL
101,193,155,T1_F12_SLAB
198,30,90,T1_F12_A
79,83,25,T1_F12_A_BAL
176,136,176,T1_F12_B
57,189,111,T1_F12_B_BAL
154,26,46,T1_F12_C
35,79,197,T1_F12_C_BAL
132,132,132,T1_F12_D
229,185,67,T1_F12_D_BAL
110,238,218,T1_F13_SLAB
207,75,153,T1_F13_A
88,128,88,T1_F13_A_BAL
185,181,239,T1_F13_B
66,234,174,T1_F13_B_BAL
163,71,109,T1_F13_C
44,124,44,T1_F13_C_BAL
141,177,195,T1_F13_D
238,230,130,T1_F13_D_BAL
119,67,65,T1_F14_SLAB
216,120,216,T1_F14_A
97,173,151,T1_F14_A_BAL
194,226,86,T1_F14_B
75,63,237,T1_F14_B_BAL
172,116,172,T1_F14_C
53,169,107,T1_F14_C_BAL
150,222,42,T1_F14_D
31,59,193,T1_F14_D_BAL
128,112,128,T1_F15_SLAB
225,165,63,T1_F15_A
106,218,214,T1_F15_A_BAL
203,55,149,T1_F15_B
84,108,84,T1_F15_B_BAL
181,161,235,T1_F15_C
62,214,170,T1_F15_C_BAL
159,51,105,T1_F15_D
40,104,40,T1_F15_D_BAL
137,157,191,T1_F16_SLAB
234,210,126,T1_F16_A
115,47,61,T1_F16_A_BAL
212,100,212,T1_F16_B
93,153,147,T1_F16_B_BAL
190,206,82,T1_F16_C
71,43,233,T1_F16_C_BAL
168,96,168,T1_F16_D
49,149,103,T1_F16_D_BAL
146,202,38,T1_F17_SLAB
27,39,189,T1_F17_A
124,92,124,T1_F17_A_BAL
221,145,59,T1_F17_B
102,198,210,T1_F17_B_BAL
199,35,145,T1_F17_C
80,88,80,T1_F17_C_BAL
177,141,231,T1_F17_D
58,194,166,T1_F17_D_BAL
155,31,101,T1_F18_SLAB
36,84,36,T1_F18_A
133,137,187,T1_F18_A_BAL
230,190,122,T1_F18_B
111,27,57,T1_F18_B_BAL
208,80,208,T1_F18_C
89,133,143,T1_F18_C_BAL
186,186,78,T1_F18_D
67,239,229,T1_F18_D_BAL
164,76,164,T1_F19_SLAB
45,129,99,T1_F19_A
142,182,34,T1_F19_A_BAL
239,235,185,T1_F19_B
120,72,120,T1_F19_B_BAL
217,125,55,T1_F19_C
98,178,206,T1_F19_C_BAL
195,231,141,T1_F19_D
76,68,76,T1_F19_D_BAL
173,121,227,T1_F20_SLAB
54,174,162,T1_F20_A
151,227,97,T1_F20_A_BAL
32,64,32,T1_F20_B
129,117,183,T1_F20_B_BAL
226,170,118,T1_F20_C
107,223,53,T1_F20_C_BAL
204,60,204,T1_F20_D
85,113,139,T1_F20_D_BAL
182,166,74,T1_F21_SLAB
63,219,225,T1_F21_A
160,56,160,T1_F21_A_BAL
41,109,95,T1_F21_B
138,162,30,T1_F21_B_BAL
235,215,181,T1_F21_C
116,52,116,T1_F21_C_BAL
213,105,51,T1_F21_D
94,158,202,T1_F21_D_BAL
191,211,137,T1_F22_SLAB
72,48,72,T1_F22_A
169,101,223,T1_F22_A_BAL
50,154,158,T1_F22_B
147,207,93,T1_F22_B_BAL
28,44,28,T1_F22_C
125,97,179,T1_F22_C_BAL
222,150,114,T1_F22_D
103,203,49,T1_F22_D_BAL
200,40,200,T1_F23_SLAB
81,93,135,T1_F23_A
178,146,70,T1_F23_A_BAL
59,199,221,T1_F23_B
156,36,156,T1_F23_B_BAL
37,89,91,T1_F23_C
134,142,26,T1_F23_C_BAL
231,195,177,T1_F23_D
112,32,112,T1_F23_D_BAL
209,85,47,T1_F24_SLAB
90,138,198,T1_F24_A
187,191,133,T1_F24_A_BAL
68,28,68,T1_F24_B
165,81,219,T1_F24_B_BAL
46,134,154,T1_F24_C
143,187,89,T1_F24_C_BAL
24,24,55,T1_F24_D
121,77,206,T1_F24_D_BAL
